Species,Ind. ID,Pop. ID,FCA008,FCA008,FCA023,FCA023,FCA043,FCA043,FCA045,FCA045,FCA077,FCA077,FCA082,FCA082,FCA090,FCA090,FCA096,FCA096,FCA126,FCA126,FCA132,FCA132
Lynx rufus,M178,LANWR,134,136,135,135,117,121,156,156,142,146,234,244,99,101,192,200,126,130,171,173
Lynx rufus,M181,LANWR,126,134,145,145,119,121,152,154,142,142,234,246,107,107,176,176,126,128,169,169
Lynx rufus,M188,LANWR,132,134,139,141,115,117,156,156,142,146,234,238,103,103,176,202,130,134,169,173
Lynx rufus,M196,LANWR,136,140,133,135,119,121,150,154,142,142,244,244,101,101,178,190,126,136,167,173
Lynx rufus,F199,LANWR,134,134,133,133,113,115,150,150,140,142,244,248,101,101,176,190,130,134,171,173
Lynx rufus,F200,LANWR,134,138,133,139,113,121,150,156,142,146,246,248,101,107,176,190,130,130,171,173
Lynx rufus,M203,LANWR,132,132,133,135,117,121,150,150,142,144,238,244,99,103,176,180,134,134,171,177
Lynx rufus,F204,LANWR,132,136,133,133,119,121,150,150,142,142,238,244,105,111,176,190,130,130,167,171
Lynx rufus,F206,LANWR,138,142,135,139,119,121,152,156,144,146,238,244,107,107,180,180,130,132,173,175
Lynx rufus,M207,LANWR,138,142,135,135,119,119,152,152,140,146,238,248,0,0,180,192,126,130,167,173
Lynx rufus,M210,LANWR,130,132,139,139,117,121,150,160,140,142,238,248,103,103,180,194,126,130,173,177
Lynx rufus,M212,LANWR,134,134,135,135,119,123,154,156,142,144,238,246,103,107,180,180,126,126,169,169
Lynx rufus,F232,LANWR,130,140,135,137,117,121,150,154,142,146,246,246,99,107,176,180,124,130,169,173
Lynx rufus,RK072304,LANWR,128,140,135,139,123,123,150,156,142,146,234,246,103,107,178,180,126,130,169,177
Lynx rufus,M251,LANWR,132,138,133,133,121,121,0,0,142,146,244,244,91,101,176,202,128,132,167,171
Lynx rufus,M252,LANWR,132,138,141,145,121,121,152,152,146,146,238,246,91,111,192,202,132,134,167,173
Lynx rufus,M253,LANWR,138,138,137,139,121,121,156,156,142,146,244,248,91,91,180,180,130,132,169,171
Lynx rufus,YB942,Willacy   ,134,140,133,135,115,115,156,152,142,142,234,244,101,105,202,202,122,130,169,173
Lynx rufus,YB012798,Willacy   ,0,0,0,0,121,121,154,152,142,144,238,246,103,103,176,192,126,130,173,173
Lynx rufus,M294,Willacy   ,132,140,133,141,121,121,154,152,142,144,238,246,103,103,176,192,126,130,173,173
Lynx rufus,YB1,Willacy   ,134,140,133,141,115,121,150,150,140,142,242,246,0,0,190,192,132,132,169,177
Lynx rufus,F1,Brooks,134,140,139,139,117,121,154,156,140,142,244,248,105,107,180,194,128,134,171,177
Lynx rufus,F9,Brooks,130,138,139,145,119,121,152,156,142,144,244,244,105,105,180,190,132,136,171,171
Lynx rufus,JW1,Brooks,132,138,135,141,115,121,152,156,142,146,240,240,103,103,178,178,130,132,167,169
Lynx rufus,LB5,Brooks,126,132,133,133,117,121,150,156,0,0,244,246,105,107,176,194,0,0,169,169
Lynx rufus,LB6,Brooks,130,134,141,143,113,119,0,0,142,146,0,0,103,103,180,192,132,132,167,177
Lynx rufus,BR7,Brooks,136,138,137,141,115,119,150,156,134,144,246,246,101,107,178,180,130,132,171,171
Lynx rufus,S1,Brooks,132,132,133,141,117,121,150,156,140,142,234,238,103,103,180,190,126,134,167,177
Lynx rufus,C2,LRGV,134,134,135,139,119,119,156,158,142,146,244,244,107,109,176,182,126,130,169,173
Lynx rufus,P5,LRGV,132,140,135,141,117,119,150,150,138,142,234,248,0,0,192,200,126,130,171,173
Lynx rufus,P6,LRGV,140,140,135,141,119,121,150,150,138,142,234,248,99,105,176,192,130,136,171,173
Lynx rufus,P7,LRGV,136,136,135,145,119,119,150,154,146,146,234,244,0,0,176,192,126,130,171,173
Lynx rufus,P9,LRGV,134,136,135,145,119,119,150,150,138,142,234,234,0,0,176,192,130,132,171,173
Lynx rufus,M10,LRGV,136,136,135,139,119,119,150,158,138,146,234,244,103,109,176,192,126,130,171,173
Lynx rufus,V11,LRGV,126,136,145,145,119,121,150,158,140,146,234,234,103,103,176,192,130,132,173,173
Lynx rufus,SA12,LRGV,130,134,135,141,119,121,156,156,142,144,234,246,101,107,180,192,130,132,173,173
Lynx rufus,SA13,LRGV,124,130,135,137,119,121,0,0,142,142,0,0,0,0,190,200,124,130,167,173
Lynx rufus,P14,LRGV,134,136,139,139,119,121,150,156,142,142,234,244,0,0,176,180,126,130,173,173
Lynx rufus,V15,LRGV,126,140,133,135,115,119,150,152,142,144,238,244,107,109,182,192,130,136,171,171
Lynx rufus,HB16,LRGV,136,140,135,135,119,119,150,154,138,146,244,248,99,109,178,192,126,130,173,173
Lynx rufus,V17,LRGV,126,134,135,139,119,121,150,156,142,144,234,234,101,101,182,192,130,130,171,173
Lynx rufus,PB18,LRGV,134,140,135,139,119,121,152,156,142,146,238,244,103,107,180,192,130,130,171,171
Lynx rufus,V19,LRGV,126,140,135,139,119,121,152,158,138,142,238,244,101,107,182,182,130,132,171,171
Lynx rufus,M20,LRGV,126,138,141,145,119,119,158,158,142,142,234,244,101,103,180,192,126,136,171,177
Lynx rufus,B7,Welder,134,136,139,145,117,123,156,156,142,146,244,246,103,107,180,202,126,130,173,173
Lynx rufus,B12,Welder,132,136,135,139,121,123,156,156,128,146,244,248,103,103,202,202,126,130,167,173
Lynx rufus,B32,Welder,132,134,133,141,119,121,150,154,144,146,238,244,91,101,180,192,126,128,177,179
Lynx rufus,B38,Welder,136,140,133,141,121,121,150,152,142,146,244,246,101,101,192,192,132,134,171,173
Lynx rufus,B39,Welder,136,136,0,0,119,121,156,156,144,144,238,246,91,101,180,192,132,132,167,167
Lynx rufus,B40,Welder,130,134,135,145,115,121,154,156,142,142,238,246,103,103,182,192,126,126,169,171
Lynx rufus,B41,Welder,140,140,139,139,119,121,150,156,144,146,236,244,103,105,182,192,130,132,169,173
Lynx rufus,B42,Welder,134,136,135,135,117,117,154,156,140,142,244,244,101,103,176,180,126,134,169,171
Lynx rufus,B43,Welder,136,136,0,0,115,119,150,156,140,142,244,244,107,109,180,192,132,132,169,175
Lynx rufus,B44,Welder,134,136,133,135,119,121,150,154,144,146,244,244,101,107,180,192,130,134,173,175
Lynx rufus,B46,Welder,134,134,133,133,117,121,154,156,140,146,238,244,91,103,176,180,128,134,169,177
Lynx rufus,B47,Welder,128,130,133,135,117,119,152,154,142,144,244,248,99,103,178,192,128,130,173,177
Lynx rufus,B48,Welder,134,136,133,135,117,117,156,156,142,142,244,244,101,103,180,180,126,128,169,175
Lynx rufus,mF48,Welder,132,132,133,141,117,117,0,0,142,144,244,244,101,103,180,180,128,136,175,177
Lynx rufus,B49,Welder,130,142,133,139,115,117,152,158,142,142,244,244,103,105,178,180,128,130,171,175
Lynx rufus,B51,Welder,136,136,135,145,119,123,154,156,142,142,246,246,105,107,192,202,126,136,171,177
Lynx rufus,B52,Welder,130,134,0,0,117,119,152,152,142,144,244,246,0,0,176,190,128,134,171,171
Lynx rufus,B53,Welder,130,132,133,135,117,117,150,152,142,142,244,244,99,103,192,202,128,132,173,177
Lynx rufus,B54,Welder,134,138,141,143,115,123,0,0,142,142,234,244,103,109,182,202,132,132,167,171
Lynx rufus,B55,Welder,134,136,0,0,115,119,152,152,128,146,238,244,103,107,182,192,126,130,171,181
Lynx rufus,B56,Welder,132,136,135,135,121,121,154,158,142,142,244,248,91,103,176,192,126,132,167,177
Lynx rufus,AR1,ANWR,130,136,135,137,119,119,150,150,142,142,244,244,101,105,180,202,134,134,169,169
Lynx rufus,AR2,ANWR,134,138,137,139,119,121,150,156,144,146,244,244,103,105,174,192,126,132,171,173
Lynx rufus,AR3,ANWR,134,138,141,145,119,121,154,160,144,146,244,244,103,105,174,176,126,132,169,173
Lynx rufus,AR4,ANWR,136,138,141,141,119,121,150,154,142,142,244,244,101,103,180,202,136,136,167,173
Lynx rufus,AR5,ANWR,132,138,135,141,119,121,152,154,142,144,244,246,101,103,174,180,132,136,167,173
Lynx rufus,AR6,ANWR,130,132,135,139,119,121,152,156,144,146,244,246,101,105,174,190,132,132,169,173
Lynx rufus,AR8,ANWR,136,140,137,137,119,119,150,154,142,144,244,244,101,105,180,192,134,136,169,177
Lynx rufus,AR9,ANWR,132,136,139,141,113,119,150,150,128,142,234,244,99,99,180,192,132,132,169,171
Lynx rufus,AR10,ANWR,128,130,135,141,119,119,156,160,142,142,244,244,101,103,192,202,114,134,171,171
Lynx rufus,AR11,ANWR,134,136,135,137,121,121,150,150,142,146,236,244,103,103,180,192,134,136,167,171
Lynx rufus,AR12,ANWR,128,130,135,135,119,121,156,160,142,144,244,244,99,101,190,192,132,132,167,171
Lynx rufus,AR13,ANWR,136,140,137,141,119,121,150,160,142,144,244,244,103,105,180,202,132,134,169,177
Lynx rufus,AR14,ANWR,134,136,135,145,119,121,150,152,142,142,234,244,103,109,182,182,126,132,169,177
Lynx rufus,AR15,ANWR,130,132,133,133,113,119,156,160,128,146,246,246,103,103,180,192,126,130,169,173
Lynx rufus,AR16,ANWR,134,134,0,0,121,121,150,154,142,146,236,244,99,105,192,202,134,136,167,171
Lynx rufus,AR18,ANWR,132,138,137,145,119,121,154,156,144,146,244,244,103,105,174,176,134,136,169,171
Lynx rufus,AR19,ANWR,130,134,135,141,119,121,150,154,142,146,234,236,103,103,192,202,132,136,169,177
Lynx rufus,AR20,ANWR,132,134,139,145,121,121,156,160,144,146,244,244,103,105,176,192,126,136,169,171
Lynx rufus,AR21,ANWR,130,134,135,135,115,121,152,154,138,146,234,246,99,103,180,192,130,134,167,169
Lynx rufus,AR23,ANWR,134,140,137,141,119,121,150,156,142,146,244,244,105,105,180,192,134,136,169,177
Lynx rufus,AR24,ANWR,128,134,133,137,113,119,156,160,128,146,246,246,99,103,192,192,126,132,173,173
Lynx rufus,AR25,ANWR,128,130,133,133,113,121,154,156,128,142,240,246,99,103,192,192,130,132,169,173
Lynx rufus,AR26,ANWR,128,136,135,145,121,121,150,150,142,146,236,244,0,0,180,192,134,136,167,177
Lynx rufus,AR27,ANWR,134,136,141,141,119,119,150,156,142,142,244,244,107,109,178,202,132,136,173,175
Lynx rufus,AR28,ANWR,132,134,133,135,119,119,150,160,142,146,238,246,103,109,178,192,132,136,177,177
Lynx rufus,AR29,ANWR,130,134,141,146,121,121,150,158,0,0,242,246,103,109,178,192,0,0,169,173
Lynx rufus,AR30,ANWR,128,136,141,145,119,121,150,152,142,146,236,244,103,103,180,192,136,136,173,177
Lynx rufus,AR31,ANWR,134,134,135,135,119,121,150,150,142,142,238,244,91,103,192,192,128,130,169,169
Lynx rufus,AR32,ANWR,134,136,135,135,121,121,150,160,142,142,244,230,91,103,192,192,128,132,169,177
Lynx rufus,AR34,ANWR,132,134,135,146,115,119,150,150,138,140,244,244,0,0,192,202,132,139,171,173
Leopardus pardalis,M165,LANWR,132,136,131,143,113,113,148,148,142,142,227,227,91,91,195,195,118,118,173,173
Leopardus pardalis,M170,LANWR,134,136,131,143,113,113,148,148,142,142,231,231,91,97,195,195,116,122,173,173
Leopardus pardalis,F172,LANWR,134,134,143,143,113,113,140,140,142,148,227,227,91,97,195,195,118,122,173,173
Leopardus pardalis,M174,LANWR,134,136,143,143,113,113,148,148,142,142,231,231,91,91,195,195,116,116,173,173
Leopardus pardalis,F176,LANWR,132,134,143,143,113,113,140,148,142,142,227,227,91,99,195,195,118,124,173,173
Leopardus pardalis,M179,LANWR,124,136,143,143,113,113,140,148,142,142,227,227,91,99,195,195,118,122,173,173
Leopardus pardalis,F182,LANWR,124,136,143,143,113,113,140,140,142,142,227,227,91,99,195,195,118,122,173,173
Leopardus pardalis,M183,LANWR,134,136,131,143,113,113,140,148,142,148,227,233,91,91,195,195,116,118,159,173
Leopardus pardalis,F184,LANWR,132,136,143,143,113,113,148,148,142,142,231,231,91,91,195,195,116,118,173,173
Leopardus pardalis,F186,LANWR,132,136,143,143,113,113,140,140,142,142,227,231,91,99,195,195,116,118,173,173
Leopardus pardalis,F189,LANWR,134,134,143,143,113,113,140,140,142,148,227,227,91,97,195,195,118,122,173,173
Leopardus pardalis,M191,LANWR,124,132,143,143,113,113,148,148,142,142,227,227,91,99,195,195,118,122,173,173
Leopardus pardalis,M192,LANWR,124,136,143,143,113,113,148,148,142,148,227,231,91,99,195,195,116,118,173,173
Leopardus pardalis,M193,LANWR,132,136,143,143,113,113,148,148,142,142,227,227,91,97,195,195,118,118,173,173
Leopardus pardalis,F194,LANWR,136,136,143,143,113,113,140,148,142,142,227,231,91,99,195,195,116,118,173,173
Leopardus pardalis,M195,LANWR,132,134,143,143,113,113,148,148,142,148,227,233,91,97,195,195,118,118,173,173
Leopardus pardalis,F197,LANWR,124,136,143,143,113,113,140,148,142,142,227,227,91,99,195,195,118,122,173,173
Leopardus pardalis,F198,LANWR,124,132,143,143,113,113,148,148,142,142,227,227,91,99,195,195,118,122,173,173
Leopardus pardalis,F201,LANWR,132,132,131,131,113,113,0,0,142,142,227,231,0,0,195,195,122,122,177,179
Leopardus pardalis,M202,LANWR,134,136,131,143,113,113,148,148,142,142,227,227,91,91,195,195,116,118,159,173
Leopardus pardalis,M205,LANWR,124,132,143,143,113,113,140,148,142,142,227,227,91,91,195,195,118,122,173,173
Leopardus pardalis,M209,LANWR,124,134,143,143,113,113,140,148,142,142,227,227,91,91,195,195,118,122,173,173
Leopardus pardalis,F214,LANWR,134,136,143,143,113,113,148,148,142,142,231,231,97,99,195,195,116,122,173,173
Leopardus pardalis,M217,LANWR,132,134,143,143,113,113,148,148,142,142,227,231,91,91,195,195,116,124,173,173
Leopardus pardalis,M218,LANWR,134,136,131,143,113,113,140,140,142,148,227,233,91,91,195,195,116,118,159,173
Leopardus pardalis,F219,LANWR,132,132,143,143,113,113,148,148,142,148,227,233,91,99,195,195,116,122,173,173
Leopardus pardalis,M222,LANWR,136,136,143,143,113,113,140,148,142,142,227,233,91,99,195,195,122,126,173,173
Leopardus pardalis,F223,LANWR,132,132,143,143,113,113,140,148,142,142,227,231,91,97,195,195,116,124,173,173
Leopardus pardalis,F228,LANWR,136,136,131,143,113,113,140,148,142,142,227,231,91,99,195,195,118,122,173,173
Leopardus pardalis,F229,LANWR,134,136,131,143,113,113,148,148,142,142,231,231,97,99,195,195,116,118,173,173
Leopardus pardalis,F235,LANWR,132,136,143,143,113,113,148,148,142,142,227,231,91,99,195,195,118,122,173,173
Leopardus pardalis,F236,LANWR,136,136,131,143,113,113,140,148,142,142,227,231,99,99,195,195,118,122,173,173
Leopardus pardalis,M239,LANWR,124,132,143,143,113,113,148,148,142,142,227,233,91,99,195,195,116,122,159,173
Leopardus pardalis,M240,LANWR,134,136,131,143,113,113,140,148,142,142,231,231,91,99,195,195,122,126,173,173
Leopardus pardalis,M241,LANWR,124,132,143,143,113,113,148,148,142,148,227,227,91,91,195,195,116,122,159,173
Leopardus pardalis,M243,LANWR,132,134,143,143,113,113,148,148,142,142,227,231,91,91,195,195,116,118,159,173
Leopardus pardalis,M245,LANWR,132,136,131,143,113,113,148,148,142,148,227,231,99,99,195,195,116,126,173,173
Leopardus pardalis,M246,LANWR,124,136,131,143,113,113,140,148,142,148,227,231,91,99,195,195,118,122,173,173
Leopardus pardalis,M247,LANWR,134,136,143,143,113,113,148,148,142,142,227,231,91,91,195,195,116,118,159,173
Leopardus pardalis,M248,LANWR,134,136,143,143,113,113,140,148,142,142,231,231,91,99,195,195,116,122,173,173
Leopardus pardalis,F249,LANWR,132,134,143,143,113,113,140,148,142,142,231,231,91,97,195,195,124,126,173,173
Leopardus pardalis,F250,LANWR,132,134,143,143,113,113,148,148,142,142,231,231,91,91,195,195,116,122,173,173
Leopardus pardalis,ER2,Willacy,124,134,133,143,113,113,148,148,138,138,227,235,95,95,195,195,124,128,173,175
Leopardus pardalis,RR4,Willacy,130,134,133,143,113,113,140,140,138,142,227,235,91,97,195,195,118,128,173,173
Leopardus pardalis,RR6,Willacy,124,136,133,143,113,115,146,148,138,138,231,233,93,95,183,195,122,128,161,173
Leopardus pardalis,RR7,Willacy,136,136,133,133,113,113,146,148,138,138,227,233,93,95,183,195,118,128,173,173
Leopardus pardalis,YT4,Willacy,134,136,133,143,115,115,140,148,142,142,231,233,97,97,195,195,116,122,173,175
Leopardus pardalis,Y946,Willacy,124,136,143,143,113,113,148,148,142,142,231,235,91,95,195,195,122,126,173,175
Leopardus pardalis,Y947,Willacy,134,134,143,143,113,113,146,148,138,142,227,235,95,95,183,195,122,124,173,173
Leopardus pardalis,Y961,Willacy,134,136,143,143,113,115,140,146,142,142,227,231,93,97,195,195,116,124,173,173
Leopardus pardalis,Y964,Willacy,134,136,133,143,115,115,140,148,142,142,227,231,97,97,195,195,116,122,173,173
Leopardus pardalis,Y971,Willacy,130,136,133,143,113,115,140,148,142,142,227,231,91,97,195,195,122,122,173,173
Leopardus pardalis,Y972,Willacy,134,136,133,143,113,115,140,148,142,148,231,233,95,97,183,195,116,128,173,175
Leopardus pardalis,Y973,Willacy,124,136,133,133,113,115,146,148,138,142,227,231,91,97,195,195,116,122,173,173
Leopardus pardalis,Y974,Willacy,134,134,133,133,113,115,146,148,142,142,227,233,95,97,195,195,122,128,173,175
Leopardus pardalis,Y975,Willacy,134,136,133,143,113,115,140,146,142,142,227,231,97,97,183,195,122,124,173,173
Leopardus pardalis,Y976,Willacy,136,136,133,143,113,115,140,146,142,142,227,233,93,97,183,195,124,128,173,173
Leopardus pardalis,Y977,Willacy,134,134,143,143,113,115,146,146,138,142,231,235,91,95,183,183,122,124,173,175
Leopardus pardalis,Y981,Willacy,124,134,133,143,115,115,140,148,142,142,227,227,0,0,195,195,122,128,173,175
Leopardus pardalis,Y983,Willacy,134,136,133,143,113,113,140,140,138,142,227,231,91,93,195,195,122,124,175,175
Leopardus pardalis,Y1-05,Willacy,130,136,133,143,113,113,140,148,138,148,227,231,91,95,195,195,118,122,173,173
Leopardus pardalis,Y2-05,Willacy,136,136,133,133,113,113,140,148,138,138,231,233,95,95,195,195,118,128,173,175
Leopardus pardalis,Y3-05,Willacy,124,134,133,133,113,115,140,146,142,142,227,233,95,99,195,195,128,128,175,175
Leopardus pardalis,Y4-05,Willacy,124,136,133,143,113,113,140,140,138,142,227,233,95,97,183,195,128,128,175,175
Leopardus pardalis,Y5-05,Willacy,124,130,133,143,113,113,140,148,138,138,227,231,91,97,195,195,124,128,175,175
Leopardus pardalis,Y6-05,Willacy,130,136,133,133,113,113,140,148,138,138,231,231,95,95,195,195,118,124,173,173
Leopardus pardalis,Y7-05,Willacy,124,136,133,133,113,115,140,148,138,142,231,233,0,0,195,195,118,128,175,175
Leopardus pardalis,Y8-05,Willacy,124,136,133,143,113,113,140,148,138,142,227,227,0,0,183,195,124,128,175,175
Leopardus pardalis,Y9-05,Willacy,124,130,133,133,113,113,146,148,138,142,227,227,95,95,195,195,124,128,173,175
Leopardus pardalis,Y10-05,Willacy,124,136,133,143,113,113,140,148,138,138,231,233,95,95,183,195,124,128,175,175
Leopardus pardalis,Mex1,Mexico,132,132,133,135,0,0,152,152,132,132,231,235,91,93,183,195,120,122,175,175
Leopardus pardalis,Mex2,Mexico,132,136,133,133,105,111,140,150,132,138,227,231,93,97,175,183,116,122,173,173
Leopardus pardalis,Mex3,Mexico,134,136,133,133,113,117,150,152,138,142,231,235,91,97,183,183,116,120,173,173
Leopardus pardalis,Mex4,Mexico,132,134,133,133,113,113,140,152,138,140,231,233,93,95,195,195,120,122,173,175
Leopardus pardalis,Mex5,Mexico,124,134,133,133,113,113,148,148,140,140,227,231,93,97,195,195,122,124,173,173
Leopardus pardalis,Mex6,Mexico,134,136,133,133,111,115,140,140,132,138,227,231,95,97,175,183,122,128,173,173
Leopardus pardalis,Mex7,Mexico,134,136,133,133,113,113,140,148,132,138,227,231,95,95,175,195,122,122,173,173
Leopardus pardalis,Mex9,Mexico,132,134,133,133,113,113,140,152,138,140,231,233,93,95,195,195,120,122,173,175
Leopardus pardalis,Mex14,Mexico,134,134,133,133,113,115,0,0,132,144,0,0,0,0,195,195,122,128,173,175
Leopardus pardalis,Mex18,Mexico,132,134,133,133,113,113,148,152,132,138,227,227,0,0,175,175,116,122,173,173
Leopardus pardalis,Mex22,Mexico,134,136,133,133,113,113,146,152,138,138,0,0,0,0,175,175,116,122,173,173
Leopardus pardalis,Mex29,Mexico,132,136,133,133,111,113,146,146,138,140,0,0,0,0,185,195,122,128,175,175